emotion_cluster,affective_evaluation_and_mood_congruent_judgment_biases,attention_salience_and_signal_detection_biases,evidence_search_hypothesis_testing_and_belief_updating_biases,interface_choice_architecture_automation_and_warning_response_biases,memory_familiarity_and_source_monitoring_biases,privacy_disclosure_and_self_presentation_biases,risk_probability_uncertainty_and_outcome_valuation_biases,self_assessment_attribution_and_metacognitive_biases,social_influence_authority_affiliation_and_identity_biases,temporal_choice_default_action_and_commitment_biases,trust_source_credibility_and_truth_judgment_biases
0,843.4375,515.0,740.625,553.125,356.25,662.5,590.0,793.125,-379.375,255.625,-127.5
1,698.8636363636364,628.1818181818181,459.92424242424244,472.3484848484849,446.1363636363636,129.16666666666666,532.8787878787879,-240.6060606060606,624.469696969697,578.939393939394,428.8636363636364
2,732.3404255319149,392.3404255319149,284.6808510638298,314.6808510638298,239.7872340425532,225.10638297872342,353.6170212765957,-32.765957446808514,361.17021276595744,371.70212765957444,128.93617021276594
3,558.5294117647059,191.47058823529412,-51.470588235294116,225.44117647058823,15.882352941176471,159.85294117647058,79.41176470588235,-381.47058823529414,98.82352941176471,412.05882352941177,-82.3529411764706
4,764.1891891891892,469.05405405405406,534.1891891891892,547.027027027027,523.1081081081081,697.1621621621622,648.6486486486486,612.972972972973,573.5135135135135,391.6216216216216,638.6486486486486
5,558.4615384615385,178.71794871794873,295.0,307.94871794871796,364.4871794871795,447.94871794871796,346.9230769230769,150.51282051282053,367.43589743589746,154.87179487179486,457.43589743589746
