{
  "overall": {
    "params": {
      "Intercept": 220.0820563352579,
      "V": 275.08890773282616,
      "A": 504.0981010819056,
      "C": -542.294146311775,
      "U": -357.12999206827686,
      "S": -1.626640838741088,
      "Group Var": 0.11827220874344302
    },
    "pvalues": {
      "Intercept": 3.1521385585568024e-07,
      "V": 3.397752277666776e-45,
      "A": 2.4721706968156294e-130,
      "C": 2.8543520823257256e-64,
      "U": 1.8398415036214835e-56,
      "S": 0.9253489819000833,
      "Group Var": 0.02379814458403881
    },
    "bse": {
      "Intercept": 43.03423358473248,
      "V": 19.498994444069854,
      "A": 20.752918973164505,
      "C": 32.03758664064142,
      "U": 22.555936488454602,
      "S": 17.36044688833819,
      "Group Var": 0.05232421254118176
    },
    "aic": 39042.53688731186,
    "llf": -19513.26844365593,
    "converged": true
  },
  "per_family": {
    "affective_evaluation_and_mood_congruent_judgment_biases": {
      "params": {
        "const": 523.1910186286792,
        "V": 42.30725991000341,
        "A": 428.81938975033427,
        "C": -394.7706547560527,
        "U": -349.77411343625437,
        "S": 109.45583791721342
      },
      "pvalues": {
        "const": 2.378009347330801e-58,
        "V": 0.33233803292224856,
        "A": 1.475701265187758e-17,
        "C": 9.151803090789821e-08,
        "U": 3.7872121023700745e-11,
        "S": 0.005171173982211199
      },
      "bse": {
        "const": 23.93684911487012,
        "V": 43.55120892238366,
        "A": 46.35186253024757,
        "C": 71.55628630787584,
        "U": 50.378921090849325,
        "S": 38.77474049180527
      },
      "rsquared": 0.3504076188806504,
      "rsquared_adj": 0.33646786821285324,
      "n": 239
    },
    "attention_salience_and_signal_detection_biases": {
      "params": {
        "const": 222.44368887209146,
        "V": 190.13694091596022,
        "A": 564.2423708756603,
        "C": -675.6941892673779,
        "U": -297.2734356666426,
        "S": -4.1851384756498895
      },
      "pvalues": {
        "const": 1.1719964954719063e-12,
        "V": 0.0004947626282118695,
        "A": 2.29418431276144e-19,
        "C": 5.535834134796875e-13,
        "U": 3.169349806037931e-06,
        "S": 0.9304663323988758
      },
      "bse": {
        "const": 29.57688727729262,
        "V": 53.812813495447024,
        "A": 57.273361526017815,
        "C": 88.41649140842672,
        "U": 62.249281979641,
        "S": 47.91090603566354
      },
      "rsquared": 0.3780851211827948,
      "rsquared_adj": 0.36473930833264023,
      "n": 239
    },
    "evidence_search_hypothesis_testing_and_belief_updating_biases": {
      "params": {
        "const": 203.11880660157482,
        "V": 107.62977473376515,
        "A": 627.3261811913798,
        "C": -315.57045214694836,
        "U": -325.6166532881836,
        "S": 83.06836702591363
      },
      "pvalues": {
        "const": 5.599646971735305e-10,
        "V": 0.060623915366520904,
        "A": 8.012359918565148e-21,
        "C": 0.0008967226220169767,
        "U": 1.5559784514890642e-06,
        "S": 0.10353055163982568
      },
      "bse": {
        "const": 31.376329136594382,
        "V": 57.08675602572974,
        "A": 60.75784193082238,
        "C": 93.79570302732704,
        "U": 66.03649469933927,
        "S": 50.825779701353014
      },
      "rsquared": 0.3377054132416628,
      "rsquared_adj": 0.3234930830537157,
      "n": 239
    },
    "interface_choice_architecture_automation_and_warning_response_biases": {
      "params": {
        "const": 236.58617525490786,
        "V": 204.86373477963477,
        "A": 492.9565389897653,
        "C": -602.7629313550689,
        "U": -466.9212118659197,
        "S": -108.85124485899952
      },
      "pvalues": {
        "const": 8.383595274731956e-12,
        "V": 0.0007256599987149144,
        "A": 2.9312768319044016e-13,
        "C": 3.645796339554803e-09,
        "U": 1.1706072578921492e-10,
        "S": 0.042061157615688585
      },
      "bse": {
        "const": 32.872618723721274,
        "V": 59.80913690821892,
        "A": 63.65529133676199,
        "C": 98.26867796158567,
        "U": 69.18567505625168,
        "S": 53.24958411115703
      },
      "rsquared": 0.24901962568049318,
      "rsquared_adj": 0.23290416700410888,
      "n": 239
    },
    "memory_familiarity_and_source_monitoring_biases": {
      "params": {
        "const": 205.1239156891977,
        "V": 294.46769480481385,
        "A": 494.28288245494934,
        "C": -513.3427579539757,
        "U": -300.55730504847384,
        "S": -30.50851993256697
      },
      "pvalues": {
        "const": 3.669038329643746e-11,
        "V": 1.0887205363009475e-07,
        "A": 8.703108660953625e-16,
        "C": 1.967361773117365e-08,
        "U": 2.3929291467881867e-06,
        "S": 0.5241203986650814
      },
      "bse": {
        "const": 29.521587414984996,
        "V": 53.71219975780843,
        "A": 57.166277606855196,
        "C": 88.25117922547895,
        "U": 62.132894589380854,
        "S": 47.82132708565551
      },
      "rsquared": 0.27426034445599423,
      "rsquared_adj": 0.2586865321052645,
      "n": 239
    },
    "privacy_disclosure_and_self_presentation_biases": {
      "params": {
        "const": 182.30039638992494,
        "V": 332.3208989257497,
        "A": 408.4964845350795,
        "C": -510.2872007389365,
        "U": -546.6561668149516,
        "S": 93.69833437787142
      },
      "pvalues": {
        "const": 1.8357471939356054e-05,
        "V": 1.7712703586426245e-05,
        "A": 8.415324771531264e-07,
        "C": 5.796844587031271e-05,
        "U": 2.127441391358681e-09,
        "S": 0.1664527554745789
      },
      "bse": {
        "const": 41.67255573823771,
        "V": 75.81992820258941,
        "A": 80.69569079845682,
        "C": 124.57501466781632,
        "U": 87.70654763773778,
        "S": 67.50439569661904
      },
      "rsquared": 0.23185953575504137,
      "rsquared_adj": 0.21537583480557876,
      "n": 239
    },
    "risk_probability_uncertainty_and_outcome_valuation_biases": {
      "params": {
        "const": 284.1894538799554,
        "V": 229.02845652601297,
        "A": 568.5870445457223,
        "C": -449.6443798133199,
        "U": -309.04624042582645,
        "S": -14.076474295382368
      },
      "pvalues": {
        "const": 3.3913294344429814e-18,
        "V": 3.9194864550416335e-05,
        "A": 3.8061384443142623e-19,
        "C": 1.0774138524180327e-06,
        "U": 1.8738605841526664e-06,
        "S": 0.7725140972468296
      },
      "bse": {
        "const": 30.024586531629772,
        "V": 54.627366976001824,
        "A": 58.14029660976025,
        "C": 89.75483363841012,
        "U": 63.191536547000574,
        "S": 48.63612355790265
      },
      "rsquared": 0.30275213053393757,
      "rsquared_adj": 0.28778972990161866,
      "n": 239
    },
    "self_assessment_attribution_and_metacognitive_biases": {
      "params": {
        "const": 14.234981499464052,
        "V": 62.601548217799326,
        "A": 576.7941434323793,
        "C": 320.0032210756535,
        "U": -389.02434733729336,
        "S": 99.18998804233632
      },
      "pvalues": {
        "const": 0.6880468947851893,
        "V": 0.33221071312324063,
        "A": 4.075706567493669e-15,
        "C": 0.0027819437451473902,
        "U": 3.9577305620696707e-07,
        "S": 0.08508484603892097
      },
      "bse": {
        "const": 35.409725582751676,
        "V": 64.42520272146767,
        "A": 68.56820313187666,
        "C": 105.85304898415583,
        "U": 74.52542155491439,
        "S": 57.35938400949745
      },
      "rsquared": 0.49686178877358933,
      "rsquared_adj": 0.4860648314511342,
      "n": 239
    },
    "social_influence_authority_affiliation_and_identity_biases": {
      "params": {
        "const": 189.63807726486448,
        "V": 686.094403729491,
        "A": 439.0490169936679,