{
  "emotion_cluster": {
    "SS": 49658247.766334474,
    "df": 5,
    "MS": 9931649.553266894,
    "F": 53.40334953977882,
    "p": 6.306473523865688e-53,
    "eta_squared": 0.09271360936086152
  },
  "bias_family": {
    "SS": 52012912.5713199,
    "df": 10,
    "MS": 5201291.25713199,
    "F": 27.967798659533596,
    "p": 2.2159051890684177e-51,
    "eta_squared": 0.09668479792474767
  },
  "residual": {
    "SS": 485950797.2127449,
    "df": 2613,
    "MS": 185974.28136729618
  },
  "total": {
    "SS": 587621957.5503993,
    "df": 2628,
    "N": 2629
  },
  "grand_mean": 368.7599847850894,
  "n_emotions": 239,
  "n_families": 11
}